Model,Accuracy,Precision,Recall,F1-score,Validation F1-score,learning_rate,epochs,batch_size,max_length
xlm-roberta-base,0.7404517453798768,0.7379241295755469,0.7404517453798768,0.7368856648189204,0.7241054262484276,1e-05,4,16,256
bert-base-multilingual-cased,0.7593429158110883,0.7558661319938169,0.7593429158110883,0.7564343079543265,0.7319122108483187,2e-05,3,16,256
distilbert-base-multilingual-cased,0.7453798767967146,0.7413259655990209,0.7453798767967146,0.7421002145328645,0.7306806866613789,2e-05,3,16,256
